timestamp, memory.used [MiB], memory.total [MiB], utilization.gpu [%], power.draw [W]
2026/09/29 16:06:24.892, 3469 MiB, 15360 MiB, 0 %, 27.38 W
2026/09/29 16:06:26.919, 3469 MiB, 15360 MiB, 0 %, 27.38 W
2026/09/29 16:06:28.924, 3469 MiB, 15360 MiB, 0 %, 27.38 W
2026/09/29 16:06:30.931, 3469 MiB, 15360 MiB, 0 %, 27.48 W
2026/09/29 16:06:32.938, 3469 MiB, 15360 MiB, 0 %, 27.38 W
2026/09/29 16:06:53.894, 3469 MiB, 15360 MiB, 0 %, 27.58 W
2026/09/29 16:06:55.900, 3469 MiB, 15360 MiB, 0 %, 27.58 W
2026/09/29 16:06:59.525, 3469 MiB, 15360 MiB, 0 %, 27.58 W
2026/09/29 16:07:01.532, 3469 MiB, 15360 MiB, 0 %, 27.58 W
2026/09/29 16:07:04.603, 3469 MiB, 15360 MiB, 0 %, 27.68 W
2026/09/29 16:07:06.610, 3469 MiB, 15360 MiB, 0 %, 27.68 W
2026/09/29 16:07:08.616, 3469 MiB, 15360 MiB, 0 %, 27.68 W
2026/09/29 16:07:10.623, 3469 MiB, 15360 MiB, 0 %, 27.68 W
2026/09/29 16:07:12.629, 3469 MiB, 15360 MiB, 0 %, 27.77 W
2026/09/29 16:07:14.636, 3469 MiB, 15360 MiB, 0 %, 27.77 W
2026/09/29 16:07:16.642, 3469 MiB, 15360 MiB, 0 %, 27.77 W
2026/09/29 16:07:18.649, 3469 MiB, 15360 MiB, 0 %, 27.86 W
2026/09/29 16:07:20.655, 3469 MiB, 15360 MiB, 0 %, 27.76 W
2026/09/29 16:07:22.662, 3469 MiB, 15360 MiB, 0 %, 27.87 W
2026/09/29 16:07:24.668, 3469 MiB, 15360 MiB, 0 %, 27.87 W
2026/09/29 16:07:26.674, 3469 MiB, 15360 MiB, 0 %, 27.76 W
2026/09/29 16:07:28.681, 3469 MiB, 15360 MiB, 0 %, 27.87 W
2026/09/29 16:07:30.688, 3469 MiB, 15360 MiB, 0 %, 27.87 W
2026/09/29 16:07:32.695, 3469 MiB, 15360 MiB, 0 %, 27.86 W
2026/09/29 16:07:34.701, 3469 MiB, 15360 MiB, 0 %, 27.87 W
2026/09/29 16:07:36.708, 3469 MiB, 15360 MiB, 0 %, 27.87 W
2026/09/29 16:07:38.714, 3469 MiB, 15360 MiB, 0 %, 27.87 W
2026/09/29 16:07:40.721, 3469 MiB, 15360 MiB, 0 %, 27.86 W
2026/09/29 16:07:42.726, 3469 MiB, 15360 MiB, 0 %, 27.97 W
2026/09/29 16:07:44.732, 3469 MiB, 15360 MiB, 0 %, 27.97 W
2026/09/29 16:07:46.738, 3469 MiB, 15360 MiB, 0 %, 27.87 W
2026/09/29 16:07:48.745, 3469 MiB, 15360 MiB, 0 %, 27.87 W
2026/09/29 16:07:50.750, 3469 MiB, 15360 MiB, 0 %, 27.87 W
2026/09/29 16:07:52.756, 3469 MiB, 15360 MiB, 0 %, 27.86 W
2026/09/29 16:07:54.761, 3469 MiB, 15360 MiB, 0 %, 27.95 W
2026/09/29 16:07:56.768, 3469 MiB, 15360 MiB, 0 %, 27.97 W
2026/09/29 16:07:58.778, 3469 MiB, 15360 MiB, 0 %, 27.87 W
2026/09/29 16:08:00.783, 3469 MiB, 15360 MiB, 0 %, 27.95 W
2026/09/29 16:08:02.790, 3469 MiB, 15360 MiB, 0 %, 27.95 W
2026/09/29 16:08:04.796, 3469 MiB, 15360 MiB, 0 %, 27.87 W
2026/09/29 16:08:06.802, 3469 MiB, 15360 MiB, 0 %, 27.97 W
2026/09/29 16:08:08.808, 3469 MiB, 15360 MiB, 0 %, 27.97 W
2026/09/29 16:08:10.814, 3469 MiB, 15360 MiB, 0 %, 27.97 W
2026/09/29 16:08:12.820, 3469 MiB, 15360 MiB, 0 %, 27.97 W
2026/09/29 16:08:14.825, 3469 MiB, 15360 MiB, 0 %, 27.97 W
2026/09/29 16:08:16.832, 3469 MiB, 15360 MiB, 0 %, 27.97 W
2026/09/29 16:08:18.838, 3469 MiB, 15360 MiB, 0 %, 28.05 W
2026/09/29 16:08:20.845, 3469 MiB, 15360 MiB, 0 %, 28.05 W
2026/09/29 16:08:22.851, 3469 MiB, 15360 MiB, 0 %, 28.07 W
2026/09/29 16:08:24.856, 3469 MiB, 15360 MiB, 0 %, 28.05 W
2026/09/29 16:08:26.862, 3469 MiB, 15360 MiB, 0 %, 28.05 W
2026/09/29 16:08:28.867, 3469 MiB, 15360 MiB, 0 %, 28.05 W
2026/09/29 16:08:30.874, 3469 MiB, 15360 MiB, 0 %, 28.05 W
2026/09/29 16:08:32.880, 3469 MiB, 15360 MiB, 0 %, 28.05 W
2026/09/29 16:08:34.887, 3469 MiB, 15360 MiB, 0 %, 28.07 W
2026/09/29 16:08:36.893, 3469 MiB, 15360 MiB, 0 %, 28.07 W
2026/09/29 16:08:38.900, 3469 MiB, 15360 MiB, 0 %, 27.95 W
2026/09/29 16:08:40.907, 3469 MiB, 15360 MiB, 0 %, 27.97 W
2026/09/29 16:08:42.912, 3469 MiB, 15360 MiB, 0 %, 28.07 W
2026/09/29 16:08:44.918, 3469 MiB, 15360 MiB, 0 %, 28.07 W
2026/09/29 16:08:46.925, 3469 MiB, 15360 MiB, 0 %, 28.07 W
2026/09/29 16:08:48.933, 3469 MiB, 15360 MiB, 0 %, 28.07 W
2026/09/29 16:08:50.948, 3469 MiB, 15360 MiB, 0 %, 28.07 W
2026/09/29 16:08:52.953, 3469 MiB, 15360 MiB, 0 %, 28.05 W
2026/09/29 16:08:54.960, 3469 MiB, 15360 MiB, 0 %, 28.05 W
2026/09/29 16:08:56.967, 3469 MiB, 15360 MiB, 0 %, 28.15 W
2026/09/29 16:08:58.974, 3469 MiB, 15360 MiB, 0 %, 28.15 W
2026/09/29 16:09:00.980, 3469 MiB, 15360 MiB, 0 %, 28.15 W
2026/09/29 16:09:02.989, 3469 MiB, 15360 MiB, 0 %, 28.25 W
2026/09/29 16:09:04.996, 3469 MiB, 15360 MiB, 0 %, 28.15 W
2026/09/29 16:09:07.002, 3469 MiB, 15360 MiB, 0 %, 28.15 W
2026/09/29 16:09:09.009, 3469 MiB, 15360 MiB, 0 %, 28.15 W
2026/09/29 16:09:11.015, 3469 MiB, 15360 MiB, 0 %, 28.05 W
2026/09/29 16:09:13.022, 3469 MiB, 15360 MiB, 0 %, 28.07 W
2026/09/29 16:09:15.027, 3469 MiB, 15360 MiB, 0 %, 27.95 W
2026/09/29 16:09:17.035, 3469 MiB, 15360 MiB, 0 %, 27.97 W
2026/09/29 16:09:19.043, 3469 MiB, 15360 MiB, 0 %, 27.95 W
2026/09/29 16:09:21.048, 3469 MiB, 15360 MiB, 0 %, 27.97 W
2026/09/29 16:09:23.055, 3469 MiB, 15360 MiB, 0 %, 27.97 W
2026/09/29 16:09:25.061, 3469 MiB, 15360 MiB, 0 %, 27.97 W
2026/09/29 16:09:27.068, 3469 MiB, 15360 MiB, 0 %, 27.95 W
2026/09/29 16:09:29.074, 3469 MiB, 15360 MiB, 0 %, 27.97 W
2026/09/29 16:09:31.080, 3469 MiB, 15360 MiB, 0 %, 27.97 W
2026/09/29 16:09:33.087, 3469 MiB, 15360 MiB, 0 %, 28.07 W
2026/09/29 16:09:35.093, 3469 MiB, 15360 MiB, 0 %, 28.07 W
2026/09/29 16:09:37.100, 3469 MiB, 15360 MiB, 0 %, 28.05 W
2026/09/29 16:09:39.106, 3469 MiB, 15360 MiB, 0 %, 28.05 W
2026/09/29 16:09:41.112, 3469 MiB, 15360 MiB, 0 %, 28.05 W
2026/09/29 16:09:43.118, 3469 MiB, 15360 MiB, 0 %, 28.05 W
2026/09/29 16:09:45.123, 3469 MiB, 15360 MiB, 0 %, 28.07 W
2026/09/29 16:09:47.130, 3469 MiB, 15360 MiB, 0 %, 28.05 W
2026/09/29 16:09:49.136, 3469 MiB, 15360 MiB, 0 %, 27.97 W
2026/09/29 16:09:51.143, 3469 MiB, 15360 MiB, 0 %, 27.97 W
2026/09/29 16:09:53.150, 3469 MiB, 15360 MiB, 0 %, 27.97 W
2026/09/29 16:09:55.155, 3469 MiB, 15360 MiB, 0 %, 27.95 W
2026/09/29 16:09:57.161, 3469 MiB, 15360 MiB, 0 %, 27.97 W
2026/09/29 16:09:59.167, 3469 MiB, 15360 MiB, 0 %, 28.07 W
2026/09/29 16:10:01.172, 3469 MiB, 15360 MiB, 0 %, 28.07 W
2026/09/29 16:10:03.178, 3469 MiB, 15360 MiB, 0 %, 28.07 W
2026/09/29 16:10:05.184, 3469 MiB, 15360 MiB, 0 %, 28.15 W
2026/09/29 16:10:07.191, 3469 MiB, 15360 MiB, 0 %, 28.15 W
2026/09/29 16:10:09.196, 3469 MiB, 15360 MiB, 0 %, 28.15 W
2026/09/29 16:10:11.202, 3469 MiB, 15360 MiB, 0 %, 28.15 W
2026/09/29 16:10:13.207, 3469 MiB, 15360 MiB, 0 %, 28.15 W
2026/09/29 16:10:15.213, 3469 MiB, 15360 MiB, 0 %, 28.15 W
2026/09/29 16:10:17.218, 3469 MiB, 15360 MiB, 0 %, 28.26 W
2026/09/29 16:10:19.223, 3469 MiB, 15360 MiB, 0 %, 28.15 W
2026/09/29 16:10:21.229, 3469 MiB, 15360 MiB, 0 %, 28.17 W
2026/09/29 16:10:23.234, 3469 MiB, 15360 MiB, 0 %, 28.15 W
2026/09/29 16:10:25.241, 3469 MiB, 15360 MiB, 0 %, 28.17 W
2026/09/29 16:10:27.247, 3469 MiB, 15360 MiB, 0 %, 28.07 W
2026/09/29 16:10:29.254, 3469 MiB, 15360 MiB, 0 %, 28.17 W
2026/09/29 16:10:31.259, 3469 MiB, 15360 MiB, 0 %, 28.15 W
2026/09/29 16:10:33.265, 3469 MiB, 15360 MiB, 0 %, 28.15 W
2026/09/29 16:10:35.271, 3469 MiB, 15360 MiB, 0 %, 28.17 W
2026/09/29 16:10:37.276, 3469 MiB, 15360 MiB, 0 %, 28.15 W
2026/09/29 16:10:39.282, 3469 MiB, 15360 MiB, 0 %, 28.25 W
2026/09/29 16:10:41.288, 3469 MiB, 15360 MiB, 0 %, 28.25 W
2026/09/29 16:10:43.295, 3469 MiB, 15360 MiB, 0 %, 28.35 W
2026/09/29 16:10:45.300, 3469 MiB, 15360 MiB, 0 %, 28.25 W
2026/09/29 16:10:47.305, 3469 MiB, 15360 MiB, 0 %, 28.25 W
2026/09/29 16:10:49.311, 3469 MiB, 15360 MiB, 0 %, 28.25 W
2026/09/29 16:10:51.317, 3469 MiB, 15360 MiB, 0 %, 28.25 W
2026/09/29 16:10:53.322, 3469 MiB, 15360 MiB, 0 %, 28.25 W
2026/09/29 16:10:55.327, 3469 MiB, 15360 MiB, 0 %, 28.35 W
2026/09/29 16:10:57.333, 3469 MiB, 15360 MiB, 0 %, 28.35 W
2026/09/29 16:10:59.338, 3469 MiB, 15360 MiB, 0 %, 28.25 W
2026/09/29 16:11:01.344, 3469 MiB, 15360 MiB, 0 %, 28.35 W
2026/09/29 16:11:03.350, 3469 MiB, 15360 MiB, 0 %, 28.25 W
2026/09/29 16:11:05.356, 3469 MiB, 15360 MiB, 0 %, 28.35 W
2026/09/29 16:11:07.361, 3469 MiB, 15360 MiB, 0 %, 28.35 W
2026/09/29 16:11:09.368, 3469 MiB, 15360 MiB, 0 %, 28.35 W
2026/09/29 16:11:11.373, 3469 MiB, 15360 MiB, 0 %, 28.35 W
2026/09/29 16:11:13.379, 3469 MiB, 15360 MiB, 0 %, 28.35 W
2026/09/29 16:11:15.384, 3469 MiB, 15360 MiB, 0 %, 28.45 W
2026/09/29 16:11:17.390, 3469 MiB, 15360 MiB, 0 %, 28.45 W
2026/09/29 16:11:19.396, 3469 MiB, 15360 MiB, 0 %, 28.45 W
2026/09/29 16:11:21.403, 3469 MiB, 15360 MiB, 0 %, 28.45 W
2026/09/29 16:11:23.409, 3469 MiB, 15360 MiB, 0 %, 28.45 W
2026/09/29 16:11:25.414, 3469 MiB, 15360 MiB, 0 %, 28.45 W
2026/09/29 16:11:27.419, 3469 MiB, 15360 MiB, 0 %, 28.45 W
2026/09/29 16:11:29.426, 3469 MiB, 15360 MiB, 0 %, 28.45 W
2026/09/29 16:11:31.431, 3469 MiB, 15360 MiB, 0 %, 28.45 W
2026/09/29 16:11:33.437, 3469 MiB, 15360 MiB, 0 %, 28.45 W
2026/09/29 16:11:35.442, 3469 MiB, 15360 MiB, 0 %, 28.35 W
2026/09/29 16:11:37.448, 3469 MiB, 15360 MiB, 0 %, 28.35 W
2026/09/29 16:11:39.454, 3469 MiB, 15360 MiB, 0 %, 28.35 W
2026/09/29 16:11:41.460, 3469 MiB, 15360 MiB, 0 %, 28.35 W
2026/09/29 16:11:43.465, 3469 MiB, 15360 MiB, 0 %, 28.35 W
2026/09/29 16:11:45.472, 3469 MiB, 15360 MiB, 0 %, 28.45 W
2026/09/29 16:11:47.477, 3469 MiB, 15360 MiB, 0 %, 28.45 W
2026/09/29 16:11:49.483, 3469 MiB, 15360 MiB, 0 %, 28.45 W
2026/09/29 16:11:51.488, 3469 MiB, 15360 MiB, 0 %, 28.45 W
2026/09/29 16:11:53.494, 3469 MiB, 15360 MiB, 0 %, 28.54 W
2026/09/29 16:11:55.500, 3469 MiB, 15360 MiB, 0 %, 28.45 W
2026/09/29 16:11:57.505, 3469 MiB, 15360 MiB, 0 %, 28.45 W
2026/09/29 16:11:59.511, 3469 MiB, 15360 MiB, 0 %, 28.54 W
2026/09/29 16:12:01.516, 3469 MiB, 15360 MiB, 0 %, 28.54 W
2026/09/29 16:12:03.521, 3469 MiB, 15360 MiB, 0 %, 28.54 W
2026/09/29 16:12:05.527, 3469 MiB, 15360 MiB, 0 %, 28.45 W
2026/09/29 16:12:07.533, 3469 MiB, 15360 MiB, 0 %, 28.45 W
2026/09/29 16:12:09.540, 3469 MiB, 15360 MiB, 0 %, 28.45 W
2026/09/29 16:12:11.545, 3469 MiB, 15360 MiB, 0 %, 28.45 W
2026/09/29 16:12:13.551, 3469 MiB, 15360 MiB, 0 %, 28.45 W
